",",010101,Amazonas Chachapoyas Chachapoyas",",010103,Amazonas Chachapoyas Balsas",",010104,Amazonas Chachapoyas Cheto",",010105,Amazonas Chachapoyas Chiliquín ",",010106,Amazonas Chachapoyas Chuquibamba",",010107,Amazonas Chachapoyas Granada",",010109,Amazonas Chachapoyas La Jalca",",010110,Amazonas Chachapoyas Leimebamba",",010111,Amazonas Chachapoyas Levanto",",010112,Amazonas Chachapoyas Magdalena",",010113,Amazonas Chachapoyas Mariscal Castilla",",010114,Amazonas Chachapoyas Molinopampa",",010115,Amazonas Chachapoyas Montevideo",",010119,Amazonas Chachapoyas San Isidro de Maino",",010201,Amazonas Bagua Bagua",",010202,Amazonas Bagua Aramango",",010203,Amazonas Bagua Copallin",",010204,Amazonas Bagua El Parco",",010205,Amazonas Bagua Imaza",",010206,Amazonas Bagua La Peca",",010301,Amazonas Bongará Jumbilla",",010302,Amazonas Bongará Chisquilla",",010304,Amazonas Bongará Corosha",",010305,Amazonas Bongará Cuispes",",010306,Amazonas Bongará Florida",",010307,Amazonas Bongará Jazán",",010308,Amazonas Bongará Recta",",010310,Amazonas Bongará Shipasbamba",",010312,Amazonas Bongará Yambrasbamba",",010401,Amazonas Condorcanqui Nieva",",010402,Amazonas Condorcanqui El Cenepa",",010403,Amazonas Condorcanqui Río Santiago",",010502,Amazonas Luya Camporredondo",",010503,Amazonas Luya Cocabamba",",010504,Amazonas Luya Colcamar",",010505,Amazonas Luya Conila",",010507,Amazonas Luya Longuita",",010509,Amazonas Luya Luya",",010510,Amazonas Luya Luya Viejo",",010511,Amazonas Luya María",",010512,Amazonas Luya Ocalli",",010513,Amazonas Luya Ocumal",",010514,Amazonas Luya Pisuquia",",010515,Amazonas Luya Providencia",",010516,Amazonas Luya San Cristóbal",",010518,Amazonas Luya San Jerónimo",",010520,Amazonas Luya Santa Catalina",",010521,Amazonas Luya Santo Tomás",",010522,Amazonas Luya Tingo",",010523,Amazonas Luya Trita",",010602,Amazonas Rodríguez de Mendoza Chirimoto",",010605,Amazonas Rodríguez de Mendoza Limabamba",",010607,Amazonas Rodríguez de Mendoza Mariscal Benavides",",010609,Amazonas Rodríguez de Mendoza Omia",",010612,Amazonas Rodríguez de Mendoza Vista Alegre",",010701,Amazonas Uctubamba Bagua grande",",010702,Amazonas Uctubamba Cajaruro",",010703,Amazonas Uctubamba Cumba",",010704,Amazonas Uctubamba El Milagro",",010705,Amazonas Uctubamba Jamalca",",010706,Amazonas Uctubamba Lonya Grande",",010707,Amazonas Uctubamba Yamón",",020101,Áncash Huaraz Huaraz",",020102,Áncash Huaraz Cochabamba",",020104,Áncash Huaraz Huanchay",",020105,Áncash Huaraz Independencia",",020106,Áncash Huaraz Jangas",",020107,Áncash Huaraz La Libertad",",020108,Áncash Huaraz Olleros",",020110,Áncash Huaraz Pariacoto",",020111,Áncash Huaraz Pira",",020112,Áncash Huaraz Tarica",",020201,Áncash Aija Aija",",020202,Áncash Aija Coris",",020203,Áncash Aija Huacllán",",020204,Áncash Aija La Merced",",020205,Áncash Aija Succha",",020301,Áncash Antonio Raymondi Llamellín",",020302,Áncash Antonio Raymondi Aczo",",020303,Áncash Antonio Raymondi Chaccho",",020304,Áncash Antonio Raymondi Chingas",",020305,Áncash Antonio Raymondi Mirgas",",020306,Áncash Antonio Raymondi San Juan de Rontoy",",020401,Áncash Asunción Chacas",",020402,Áncash Asunción Acochaca",",020501,Áncash Bolognesi Chiquián",",020502,Áncash Bolognesi Abelardo Pardo Lezameta",",020503,Áncash Bolognesi Antonio Raymondi",",020504,Áncash Bolognesi Aquia",",020505,Áncash Bolognesi Cajacay",",020507,Áncash Bolognesi Colquioc",",020508,Áncash Bolognesi Huallanca",",020509,Áncash Bolognesi Huasta",",020511,Áncash Bolognesi La Primavera",",020513,Áncash Bolognesi Pacllón",",020601,Áncash Carhuaz Carhuaz",",020602,Áncash Carhuaz Acopampa",",020603,Áncash Carhuaz Amashca",",020604,Áncash Carhuaz Anta",",020605,Áncash Carhuaz Ataquero",",020606,Áncash Carhuaz Marcará ",",020608,Áncash Carhuaz San Miguel de Aco",",020609,Áncash Carhuaz Shilla",",020610,Áncash Carhuaz Tinco",",020611,Áncash Carhuaz Yungar",",020701,Áncash Carlos Fermín Fitzcarrald San Luis",",020702,Áncash Carlos Fermín Fitzcarrald San Nicolás ",",020703,Áncash Carlos Fermín Fitzcarrald Yauya",",020801,Áncash Casma Casma",",020802,Áncash Casma Buena Vista Alta",",020803,Áncash Casma Comandante Noel",",020804,Áncash Casma Yaután ",",020901,Áncash Corongo Corongo",",020904,Áncash Corongo Cusca",",020906,Áncash Corongo Yanac",",020907,Áncash Corongo Yupán",",021001,Áncash Huari Huari",",021002,Áncash Huari Anra",",021003,Áncash Huari Cajay",",021004,Áncash Huari Chavín de Huantar",",021005,Áncash Huari Huacachi",",021007,Áncash Huari Huachis",",021008,Áncash Huari Huántar",",021009,Áncash Huari Masin",",021011,Áncash Huari Ponto",",021012,Áncash Huari Rahuapampa",",021013,Áncash Huari Rapayán",",021014,Áncash Huari San Marcos",",021015,Áncash Huari San Pedro de Chana",",021101,Áncash Huarmey Huarmey",",021103,Áncash Huarmey Culebras",",021105,Áncash Huarmey Malvas",",021201,Áncash Huaylas Caraz",",021203,Áncash Huaylas Huata",",021204,Áncash Huaylas Huaylas",",021205,Áncash Huaylas Mato",",021206,Áncash Huaylas Pamparomas",",021207,Áncash Huaylas Pueblo Libre",",021208,Áncash Huaylas Santa Cruz",",021209,Áncash Huaylas Santo Toribio",",021210,Áncash Huaylas Yuracmarca",",021301,Áncash Mariscal Luzuriaga Piscobamba",",021302,Áncash Mariscal Luzuriaga Casca",",021303,Áncash Mariscal Luzuriaga Eleazar Guzmán Barrón ",",021304,Áncash Mariscal Luzuriaga Fidel Olivas Escudero",",021305,Áncash Mariscal Luzuriaga Llama",",021306,Áncash Mariscal Luzuriaga Llumpa",",021307,Áncash Mariscal Luzuriaga Lucma",",021308,Áncash Mariscal Luzuriaga Musga",",021501,Áncash Pallasca Cabana",",021502,Áncash Pallasca Bolognesi",",021503,Áncash Pallasca Conchucos",",021504,Áncash Pallasca Huacaschuque",",021505,Áncash Pallasca Huandoval",",021506,Áncash Pallasca Lacabamba",",021507,Áncash Pallasca Llapo",",021508,Áncash Pallasca Pallasca",",021509,Áncash Pallasca Pampas",",021511,Áncash Pallasca Tauca",",021601,Áncash Pomabamba Pomabamba",",021602,Áncash Pomabamba Huayllán",",021603,Áncash Pomabamba Parobamba",",021604,Áncash Pomabamba Quinuabamba",",021701,Áncash Recuay Recuay",",021702,Áncash Recuay Cátac ",",021704,Áncash Recuay Huayllapampa",",021707,Áncash Recuay Pampas Chico",",021710,Áncash Recuay Ticapampa",",021801,Áncash Santa Chimbote",",021802,Áncash Santa Cáceres del Perú",",021803,Áncash Santa Coishco",",021804,Áncash Santa Macate",",021805,Áncash Santa Moro",",021806,Áncash Santa Nepeña",",021807,Áncash Santa Samanco",",021808,Áncash Santa Santa",",021809,Áncash Santa Nuevo Chimbote",",021901,Áncash Sihuas Sihuas",",021902,Áncash Sihuas Acobamba",",021903,Áncash Sihuas Alfonso Ugarte",",021904,Áncash Sihuas Cashapampa",",021905,Áncash Sihuas Chingalpo",",021906,Áncash Sihuas Huayllabamba",",021907,Áncash Sihuas Quiches",",021908,Áncash Sihuas Ragash",",021909,Áncash Sihuas San Juan",",021910,Áncash Sihuas Sicsibamba",",022001,Áncash Yungay Yungay",",022002,Áncash Yungay Cascapara",",022003,Áncash Yungay Mancos",",022004,Áncash Yungay Matacoto",",022005,Áncash Yungay Quillo",",022006,Áncash Yungay Ranrahirca",",022007,Áncash Yungay Shupluy",",022008,Áncash Yungay Yanama",",030101,Apurímac Abancay Abancay",",030102,Apurímac Abancay Chacoche",",030103,Apurímac Abancay Circa",",030104,Apurímac Abancay Curahuasi",",030105,Apurímac Abancay Huanipaca",",030106,Apurímac Abancay Lambrama",",030107,Apurímac Abancay Pichirhua",",030108,Apurímac Abancay San Pedro de Cachora",",030109,Apurímac Abancay Tamburco",",030201,Apurímac Andahuaylas Andahuaylas",",030202,Apurímac Andahuaylas Andarapa",",030203,Apurímac Andahuaylas Chiara",",030204,Apurímac Andahuaylas Huancarama",",030205,Apurímac Andahuaylas Huancaray",",030206,Apurímac Andahuaylas Huayana",",030207,Apurímac Andahuaylas Kishuara",",030208,Apurímac Andahuaylas Pacobamba",",030209,Apurímac Andahuaylas Pacucha",",030210,Apurímac Andahuaylas Pampachiri",",030211,Apurímac Andahuaylas Pomacocha",",030212,Apurímac Andahuaylas San Antonio de Cachi",",030213,Apurímac Andahuaylas San Jerónimo",",030214,Apurímac Andahuaylas San Miguel de Chaccrampa",",030215,Apurímac Andahuaylas Santa María de Chicmo",",030216,Apurímac Andahuaylas Talavera",",030217,Apurímac Andahuaylas Tumay Huaraca",",030218,Apurímac Andahuaylas Turpo",",030219,Apurímac Andahuaylas Kaquiabamba",",030301,Apurímac Antabamba Antabamba",",030303,Apurímac Antabamba Huaquirca",",030304,Apurímac Antabamba Juan Espinoza Medrano",",030306,Apurímac Antabamba Pachaconas",",030401,Apurímac Aymaraes Chalhuanca",",030402,Apurímac Aymaraes Capaya",",030403,Apurímac Aymaraes Caraybamba",",030404,Apurímac Aymaraes Chapimarca",",030406,Apurímac Aymaraes Cotaruse",",030407,Apurímac Aymaraes Huayllo",",030413,Apurímac Aymaraes Soraya",",030415,Apurímac Aymaraes Tintay",",030417,Apurímac Aymaraes Yanaca",",030501,Apurímac Cotabambas Tambobamba",",030502,Apurímac Cotabambas Cotabambas",",030503,Apurímac Cotabambas Coyllurqui",",030504,Apurímac Cotabambas Haquira",",030505,Apurímac Cotabambas Mara",",030506,Apurímac Cotabambas Challhuahuacho",",030601,Apurímac Chincheros Chincheros",",030602,Apurímac Chincheros Anco-Huallo",",030603,Apurímac Chincheros Cocharcas",",030604,Apurímac Chincheros Huaccana",",030605,Apurímac Chincheros Ocobamba",",030606,Apurímac Chincheros Ongoy",",030607,Apurímac Chincheros Uranmarca",",030608,Apurímac Chincheros Ranracancha",",030701,Apurímac Grau Chuquibambilla",",030702,Apurímac Grau Curpahuasi",",030703,Apurímac Grau Gamarra",",030704,Apurímac Grau Huayllati",",030708,Apurímac Grau Progreso",",030710,Apurímac Grau Santa Rosa",",030712,Apurímac Grau Vilcabamba",",030713,Apurímac Grau Virundo",",030714,Apurímac Grau Curasco",",040101,Arequipa Arequipa Arequipa",",040102,Arequipa Arequipa Alto Selva Alegre",",040103,Arequipa Arequipa Cayma",",040104,Arequipa Arequipa Cerro Colorado",",040105,Arequipa Arequipa Characato",",040106,Arequipa Arequipa Chiguata",",040107,Arequipa Arequipa Jacobo Hunter",",040108,Arequipa Arequipa La Joya",",040109,Arequipa Arequipa Mariano Melgar ",",040110,Arequipa Arequipa Miraflores",",040111,Arequipa Arequipa Mollebaya",",040112,Arequipa Arequipa Paucarpata",",040114,Arequipa Arequipa Polobaya",",040115,Arequipa Arequipa Quequeña",",040116,Arequipa Arequipa Sabandía ",",040117,Arequipa Arequipa Sachaca",",040118,Arequipa Arequipa San Juan de Diguas",",040119,Arequipa Arequipa San Juan de Tarucani",",040120,Arequipa Arequipa Santa Isabel de Siguas",",040121,Arequipa Arequipa Santa Rita de Siguas",",040122,Arequipa Arequipa Socabaya",",040123,Arequipa Arequipa Tiabaya",",040124,Arequipa Arequipa Uchumayo",",040125,Arequipa Arequipa Vítor",",040126,Arequipa Arequipa Yanahuara",",040128,Arequipa Arequipa Yura",",040129,Arequipa Arequipa José Luis Bustamante y Rivero ",",040201,Arequipa Camaná Camaná",",040202,Arequipa Camaná José María Químper",",040206,Arequipa Camaná Ocoña",",040208,Arequipa Camaná Samuel Pastor",",040301,Arequipa Caraveli Caraveli",",040302,Arequipa Caraveli Acari",",040305,Arequipa Caraveli Bella Unión",",040307,Arequipa Caraveli Chala",",040309,Arequipa Caraveli Huanuhuanu",",040401,Arequipa Castilla Aplao",",040402,Arequipa Castilla Andagua",",040404,Arequipa Castilla Chachas",",040405,Arequipa Castilla Chilcaymarca",",040407,Arequipa Castilla Huancarqui",",040409,Arequipa Castilla Orcopampa",",040410,Arequipa Castilla Pampacolca",",040412,Arequipa Castilla Uñón",",040413,Arequipa Castilla Uraca",",40501,Arequipa Caylloma Chivay",",040502,Arequipa Caylloma Achoma",",040503,Arequipa Caylloma Cabanaconde",",040504,Arequipa Caylloma Callalli",",040505,Arequipa Caylloma Caylloma",",040506,Arequipa Caylloma Coporaque",",040507,Arequipa Caylloma Huambo",",040509,Arequipa Caylloma Ichupampa",",040511,Arequipa Caylloma Lluta",",040514,Arequipa Caylloma San Antonio de Chuca",",040517,Arequipa Caylloma Tisco",",040519,Arequipa Caylloma Yanque",",040520,Arequipa Caylloma Majes",",040601,Arequipa Condesuyos Chuquibamba",",040602,Arequipa Condesuyos Andaray",",040603,Arequipa Condesuyos Cayarani",",040607,Arequipa Condesuyos Salamanca",",040608,Arequipa Condesuyos Yanaquihua",",040701,Arequipa Islay Mollendo",",040702,Arequipa Islay Cocachacra",",040703,Arequipa Islay Dean Valdivia",",040704,Arequipa Islay Islay",",040705,Arequipa Islay Mejía",",040706,Arequipa Islay Punta de Bombón ",",040801,Arequipa La unión Cotahuasi",",040802,Arequipa La unión Alca",",040804,Arequipa La unión Huaynacotas",",040806,Arequipa La unión Puyca",",050101,Ayacucho Huamanga Ayacucho",",050102,Ayacucho Huamanga Acocro",",050103,Ayacucho Huamanga Acos Vinchos",",050104,Ayacucho Huamanga Carmen Alto ",",050105,Ayacucho Huamanga Chiara",",050106,Ayacucho Huamanga Ocros",",050107,Ayacucho Huamanga Pacaycasa",",050108,Ayacucho Huamanga Quinua",",050109,Ayacucho Huamanga San José de Ticllas",",050110,Ayacucho Huamanga San Juan Bautista",",050111,Ayacucho Huamanga Santiago de Pischa",",050112,Ayacucho Huamanga Socos",",050113,Ayacucho Huamanga Tambillo",",050114,Ayacucho Huamanga Vinchos",",050115,Ayacucho Huamanga Jesús Nazareno ",",050201,Ayacucho Cangallo Cangallo",",050202,Ayacucho Cangallo Chuschi",",050203,Ayacucho Cangallo Los Morochucos",",050204,Ayacucho Cangallo María Parado de Bellido",",050205,Ayacucho Cangallo Paras",",050206,Ayacucho Cangallo Totos",",050301,Ayacucho Huanca Sancos Sancos",",050302,Ayacucho Huanca Sancos Carapo",",050303,Ayacucho Huanca Sancos Sacsamarca",",050304,Ayacucho Huanca Sancos Santiago de Lucanamarca",",050401,Ayacucho Huanta Huanta",",050402,Ayacucho Huanta Ayahuanco",",050403,Ayacucho Huanta Huamanguilla",",050404,Ayacucho Huanta Iguain",",050405,Ayacucho Huanta Luricocha",",050406,Ayacucho Huanta Santillana",",050407,Ayacucho Huanta Sivia",",050408,Ayacucho Huanta Llochegua",",050501,Ayacucho La Mar San Miguel",",050502,Ayacucho La Mar Anco",",050503,Ayacucho La Mar Ayna",",050504,Ayacucho La Mar Chilcas",",050505,Ayacucho La Mar Chungui",",050507,Ayacucho La Mar Santa Rosa",",050508,Ayacucho La Mar Tambo",",050601,Ayacucho Lucanas Puquio",",050602,Ayacucho Lucanas Aucará ",",050606,Ayacucho Lucanas Chipao",",050607,Ayacucho Lucanas Huac-huas",",050608,Ayacucho Lucanas Laramate",",050609,Ayacucho Lucanas Leoncio Prado",",050611,Ayacucho Lucanas Lucanas",",050612,Ayacucho Lucanas Ocaña",",050613,Ayacucho Lucanas Otoca",",050615,Ayacucho Lucanas San Cristóbal",",050616,Ayacucho Lucanas San Juan",",050617,Ayacucho Lucanas San Pedro",",050618,Ayacucho Lucanas San Pedro de Palco",",050620,Ayacucho Lucanas Santa Ana de Huaycahuacho",",050621,Ayacucho Lucanas Santa Lucía ",",050701,Ayacucho Parinacochas Coracora",",050703,Ayacucho Parinacochas Coronel Castañeda",",050705,Ayacucho Parinacochas Pullo",",050707,Ayacucho Parinacochas San Francisco de Ravacayco",",050708,Ayacucho Parinacochas Upahuacho",",050806,Ayacucho Paucar del Sara Sara Oyolo",",050901,Ayacucho Sucre Querobamba",",050903,Ayacucho Sucre Chalcos",",050904,Ayacucho Sucre Chilcayoc",",050906,Ayacucho Sucre Morcolla",",050907,Ayacucho Sucre Paico",",050908,Ayacucho Sucre San Pedro de Larcay",",050909,Ayacucho Sucre San Salvador de Quije",",050910,Ayacucho Sucre Santiago de Paucaray",",051001,Ayacucho Víctor Fajardo Huancapi",",051004,Ayacucho Víctor Fajardo Asquipata",",051005,Ayacucho Víctor Fajardo Canaria",",051006,Ayacucho Víctor Fajardo Cayara",",051008,Ayacucho Víctor Fajardo Huamanquiquia",",051009,Ayacucho Víctor Fajardo Huancaraylla",",051010,Ayacucho Víctor Fajardo Huaya",",051011,Ayacucho Víctor Fajardo Sarhua",",051012,Ayacucho Víctor Fajardo Vilcanchos",",051101,Ayacucho Vilcas Huamán Vilcas Huaman",",051102,Ayacucho Vilcas Huamán Accomarca",",051103,Ayacucho Vilcas Huamán Carhuanca",",051104,Ayacucho Vilcas Huamán Concepción ",",051105,Ayacucho Vilcas Huamán Huambalpa",",051106,Ayacucho Vilcas Huamán Independencia",",051108,Ayacucho Vilcas Huamán Vischongo",",060101,Cajamarca Cajamarca Cajamarca",",060102,Cajamarca Cajamarca Asunción",",060103,Cajamarca Cajamarca Chetilla",",060104,Cajamarca Cajamarca Cospán",",060105,Cajamarca Cajamarca Encañada",",060106,Cajamarca Cajamarca Jesús",",060107,Cajamarca Cajamarca Llacanora",",060108,Cajamarca Cajamarca Los Baños del Inca",",060109,Cajamarca Cajamarca Magdalena",",060110,Cajamarca Cajamarca Matara",",060111,Cajamarca Cajamarca Namora",",060112,Cajamarca Cajamarca San Juan",",060199,Cajamarca Cajamarca …",",060201,Cajamarca Cajabamba Cajabamba",",060202,Cajamarca Cajabamba Cachachi",",060203,Cajamarca Cajabamba Condebamba",",060204,Cajamarca Cajabamba Sitacocha",",060301,Cajamarca Celendín Celendín",",060302,Cajamarca Celendín Chumuch",",060303,Cajamarca Celendín Cortegana",",060304,Cajamarca Celendín Huasmin",",060306,Cajamarca Celendín José Gálvez",",060307,Cajamarca Celendín Miguel Iglesias",",060308,Cajamarca Celendín Oxamarca",",060309,Cajamarca Celendín Sorochuco",",060310,Cajamarca Celendín Sucre",",060311,Cajamarca Celendín Utco",",060312,Cajamarca Celendín La Libertad de Pallán",",060401,Cajamarca Chota Chota",",060402,Cajamarca Chota Anguía",",060403,Cajamarca Chota Chadín",",060404,Cajamarca Chota Chiguirip",",060405,Cajamarca Chota Chimban",",060406,Cajamarca Chota Choropampa",",060407,Cajamarca Chota Cochabamba",",060408,Cajamarca Chota Conchán",",060409,Cajamarca Chota Huambos",",060410,Cajamarca Chota Lajas",",060411,Cajamarca Chota Llama",",060412,Cajamarca Chota Miracosta",",060413,Cajamarca Chota Paccha",",060414,Cajamarca Chota Pión",",060415,Cajamarca Chota Querocoto",",060416,Cajamarca Chota San Juan de Licupis",",060417,Cajamarca Chota Tacabamba",",060418,Cajamarca Chota Tocmoche",",060419,Cajamarca Chota Chalamarca",",060501,Cajamarca Contumazá Contumazá",",060502,Cajamarca Contumazá Chilete",",060504,Cajamarca Contumazá Guzmango",",060505,Cajamarca Contumazá San Benito",",060507,Cajamarca Contumazá Tantarica",",060508,Cajamarca Contumazá Yonán",",060601,Cajamarca Cutervo Cutervo",",060602,Cajamarca Cutervo Callayuc",",060603,Cajamarca Cutervo Choros",",060604,Cajamarca Cutervo Cujillo",",060605,Cajamarca Cutervo La Ramada",",060606,Cajamarca Cutervo Pimpingos",",060607,Cajamarca Cutervo Querocotillo",",060608,Cajamarca Cutervo San Andrés de Cutervo ",",060609,Cajamarca Cutervo San Juan de Cutervo",",060610,Cajamarca Cutervo San Luis de Lucma",",060611,Cajamarca Cutervo Santa Cruz",",060612,Cajamarca Cutervo Santo Domingo de La Capilla",",060613,Cajamarca Cutervo Santo Tomás",",060614,Cajamarca Cutervo Sócota ",",060615,Cajamarca Cutervo Toribio Casanova",",060701,Cajamarca Hualgayoc Bambamarca",",060702,Cajamarca Hualgayoc Chugur",",060703,Cajamarca Hualgayoc Hualgayoc",",060801,Cajamarca Jaén Jaén ",",060802,Cajamarca Jaén Bellavista",",060803,Cajamarca Jaén Chontali",",060804,Cajamarca Jaén Colasay",",060805,Cajamarca Jaén Huabal",",060806,Cajamarca Jaén Las Pirias",",060807,Cajamarca Jaén Pomahuaca",",060808,Cajamarca Jaén Pucará",",060809,Cajamarca Jaén Sallique",",060810,Cajamarca Jaén San Felipe",",060811,Cajamarca Jaén San José del Alto",",060812,Cajamarca Jaén Santa Rosa",",060901,Cajamarca San Ignacio San Ignacio",",060902,Cajamarca San Ignacio Chirinos",",060903,Cajamarca San Ignacio Huarango",",060904,Cajamarca San Ignacio La Coipa",",060905,Cajamarca San Ignacio Namballe",",060906,Cajamarca San Ignacio San José de Lourdes ",",060907,Cajamarca San Ignacio Tabaconas",",061001,Cajamarca San Marcos Pedro Galvez",",061002,Cajamarca San Marcos Chancay",",061003,Cajamarca San Marcos Eduardo Villanueva",",061004,Cajamarca San Marcos Gregorio Pita",",061005,Cajamarca San Marcos Ichocán ",",061006,Cajamarca San Marcos José Manuel Quiroz ",",061007,Cajamarca San Marcos José Sabogal ",",061101,Cajamarca San Miguel San Miguel",",061103,Cajamarca San Miguel Calquis",",061104,Cajamarca San Miguel Catilluc",",061105,Cajamarca San Miguel El Prado",",061106,Cajamarca San Miguel La Florida",",061107,Cajamarca San Miguel Llapa",",061108,Cajamarca San Miguel Nanchoc",",061109,Cajamarca San Miguel Niepos",",061111,Cajamarca San Miguel San Silvestre de Cochan",",061112,Cajamarca San Miguel Tongod",",061201,Cajamarca San Pablo San Pablo",",061202,Cajamarca San Pablo San Bernardino",",061203,Cajamarca San Pablo San Luis",",061204,Cajamarca San Pablo Tumbadén ",",061301,Cajamarca Santa Cruz Santa Cruz",",061302,Cajamarca Santa Cruz Andabamba",",061303,Cajamarca Santa Cruz Catache",",061304,Cajamarca Santa Cruz Chancaybaños",",061305,Cajamarca Santa Cruz La Esperanza",",061307,Cajamarca Santa Cruz Pulán ",",061308,Cajamarca Santa Cruz Saucepampa",",061309,Cajamarca Santa Cruz Sexi",",061310,Cajamarca Santa Cruz Uticyacu",",061311,Cajamarca Santa Cruz Yauyucán",",070101,Callao Prov. Const. del Callao Callao",",070102,Callao Prov. Const. del Callao Bellavista",",070103,Callao Prov. Const. del Callao Carmen de La Legua Reynoso ",",070104,Callao Prov. Const. del Callao La Perla",",070105,Callao Prov. Const. del Callao La Punta",",070106,Callao Prov. Const. del Callao Ventanilla",",070499,Callao … …",",079999,Callao … …",",080101,Cusco Cusco Cusco",",080102,Cusco Cusco Ccorca",",080103,Cusco Cusco Poroy",",080104,Cusco Cusco San Jerónimo ",",080105,Cusco Cusco San Sebastián ",",080106,Cusco Cusco Santiago",",080107,Cusco Cusco Saylla",",080108,Cusco Cusco Wanchaq",",080201,Cusco Acomayo Acomayo",",080202,Cusco Acomayo Acopia",",080203,Cusco Acomayo Acos",",080204,Cusco Acomayo Mosoc llacta",",080205,Cusco Acomayo Pomacanchi",",080206,Cusco Acomayo Rondocán ",",080207,Cusco Acomayo Sangarará",",080301,Cusco Anta Anta",",080302,Cusco Anta Ancahuasi",",080304,Cusco Anta Chinchaypujio",",080305,Cusco Anta Huarocondo",",080306,Cusco Anta Limatambo",",080307,Cusco Anta Mollepata",",080308,Cusco Anta Pucyura",",080309,Cusco Anta Zurite",",080401,Cusco Calca Calca",",080402,Cusco Calca Coya",",080403,Cusco Calca Lamay",",080404,Cusco Calca Lares",",080405,Cusco Calca Písac",",080406,Cusco Calca San Salvador",",080407,Cusco Calca Taray",",080408,Cusco Calca Yanatile",",080501,Cusco Canas Yanaoca",",080502,Cusco Canas Checca",",080503,Cusco Canas Kunturkanki",",080504,Cusco Canas Langui",",080505,Cusco Canas Layo",",080506,Cusco Canas Pampamarca",",080507,Cusco Canas Quehue",",080508,Cusco Canas Túpac Amaru",",080601,Cusco Canchis Sicuani",",080602,Cusco Canchis Checacupe",",080603,Cusco Canchis Combapata",",080604,Cusco Canchis Marangani",",080605,Cusco Canchis Pitumarca",",080606,Cusco Canchis San Pablo",",080607,Cusco Canchis San Pedro",",080608,Cusco Canchis Tinta",",080701,Cusco Chumbivilcas Santo Tomás ",",080702,Cusco Chumbivilcas Capacmarca",",080703,Cusco Chumbivilcas Chamaca",",080704,Cusco Chumbivilcas Colquemarca",",080705,Cusco Chumbivilcas Livitaca",",080706,Cusco Chumbivilcas Llusco",",080707,Cusco Chumbivilcas Quiñota",",080708,Cusco Chumbivilcas Velille",",080801,Cusco Espinar Espinar",",080802,Cusco Espinar Condoroma",",080803,Cusco Espinar Coporaque",",080804,Cusco Espinar Ocoruro",",080805,Cusco Espinar Pallpata",",080806,Cusco Espinar Pichigua",",080807,Cusco Espinar Suyckutambo",",080808,Cusco Espinar Alto Pichigua",",80901,Cusco La Convención Santa Ana",",080902,Cusco La Convención Echarate",",080903,Cusco La Convención Huayopata",",080904,Cusco La Convención Maranura",",080905,Cusco La Convención Ocobamba",",080906,Cusco La Convención Quellouno",",080907,Cusco La Convención Kimbiri",",080908,Cusco La Convención Santa Teresa",",080909,Cusco La Convención Vilcabamba",",080910,Cusco La Convención Pichari",",081001,Cusco Paruro Paruro",",081002,Cusco Paruro Accha",",081003,Cusco Paruro Ccapi",",081004,Cusco Paruro Colcha",",081005,Cusco Paruro Huanoquite",",081006,Cusco Paruro Omacha",",081007,Cusco Paruro Paccaritambo",",081008,Cusco Paruro Pillpinto",",081009,Cusco Paruro Yaurisque",",081101,Cusco Paucartambo Paucartambo",",081102,Cusco Paucartambo Caicay",",081103,Cusco Paucartambo Challabamba",",081104,Cusco Paucartambo Colquepata",",081105,Cusco Paucartambo Huancarani",",081106,Cusco Paucartambo Kosñipata",",081201,Cusco Quispicanchi Urcos",",081202,Cusco Quispicanchi Andahuaylillas",",081203,Cusco Quispicanchi Camanti",",081204,Cusco Quispicanchi Carhuayo",",081205,Cusco Quispicanchi Ccatca",",081206,Cusco Quispicanchi Cusipata",",081207,Cusco Quispicanchi Huaro",",081208,Cusco Quispicanchi Lucre",",081209,Cusco Quispicanchi Marcapata",",081210,Cusco Quispicanchi Ocongate",",081211,Cusco Quispicanchi Oropesa",",081212,Cusco Quispicanchi Quiquijana",",081301,Cusco Urubamba Urubamba",",081302,Cusco Urubamba Chinchero",",081304,Cusco Urubamba Machupicchu",",081305,Cusco Urubamba Maras",",081306,Cusco Urubamba Ollantaytambo",",081307,Cusco Urubamba Yucay",",090101,Huancavelica Huancavelica Huancavelica",",090102,Huancavelica Huancavelica Acobambilla",",090103,Huancavelica Huancavelica Acoria",",090104,Huancavelica Huancavelica Conayca",",090105,Huancavelica Huancavelica Cuenca",",090106,Huancavelica Huancavelica Huachocolpa",",090107,Huancavelica Huancavelica Huayllahuara",",090108,Huancavelica Huancavelica Izcuchaca",",090109,Huancavelica Huancavelica Laria",",090111,Huancavelica Huancavelica Mariscal Cáceres",",090112,Huancavelica Huancavelica Moya",",090113,Huancavelica Huancavelica Nuevo Occoro",",090114,Huancavelica Huancavelica Palca",",090116,Huancavelica Huancavelica Vilca",",090117,Huancavelica Huancavelica Yauli",",090118,Huancavelica Huancavelica Ascensión",",090119,Huancavelica Huancavelica Huando",",090201,Huancavelica Acobamba Acobamba",",090202,Huancavelica Acobamba Andabamba",",090203,Huancavelica Acobamba Anta",",090204,Huancavelica Acobamba Caja",",090205,Huancavelica Acobamba Marcas",",090206,Huancavelica Acobamba Paucará ",",090207,Huancavelica Acobamba Pomacocha",",090208,Huancavelica Acobamba Rosario",",090301,Huancavelica Angaraes Lircay",",090302,Huancavelica Angaraes Anchonga",",090303,Huancavelica Angaraes Callanmarca",",090304,Huancavelica Angaraes Ccochaccasa",",090305,Huancavelica Angaraes Chincho",",090306,Huancavelica Angaraes Congalla",",090307,Huancavelica Angaraes Huanca-huanca",",090308,Huancavelica Angaraes Huayllay Grande",",090310,Huancavelica Angaraes San Antonio de Antaparco",",090311,Huancavelica Angaraes Santo Tomás de Pata ",",090312,Huancavelica Angaraes Secclla",",090401,Huancavelica Castrovirreyna Castrovirreyna",",090402,Huancavelica Castrovirreyna Arma",",090403,Huancavelica Castrovirreyna Aurahua",",090404,Huancavelica Castrovirreyna Capillas",",090405,Huancavelica Castrovirreyna Chupamarca",",090406,Huancavelica Castrovirreyna Cocas",",090407,Huancavelica Castrovirreyna Huachos",",090408,Huancavelica Castrovirreyna Huamatambo",",090409,Huancavelica Castrovirreyna Mollepampa",",090411,Huancavelica Castrovirreyna Santa Ana",",090412,Huancavelica Castrovirreyna Tantara",",090413,Huancavelica Castrovirreyna Ticrapo",",090501,Huancavelica Churcampa Churcampa",",090502,Huancavelica Churcampa Anco",",090503,Huancavelica Churcampa Chinchihuasi",",090504,Huancavelica Churcampa El Carmen ",",090506,Huancavelica Churcampa Locroja",",090507,Huancavelica Churcampa Paucarbamba",",090509,Huancavelica Churcampa San Pedro de Coris",",090510,Huancavelica Churcampa Pachamarca",",090601,Huancavelica Huaytara Huaytara",",090602,Huancavelica Huaytara Ayavi",",090603,Huancavelica Huaytara Córdova ",",090605,Huancavelica Huaytara Laramarca",",090606,Huancavelica Huaytara Ocoyo",",090607,Huancavelica Huaytara Pilpichaca",",090608,Huancavelica Huaytara Querco",",090609,Huancavelica Huaytara Quito-arma",",090610,Huancavelica Huaytara San Antonio de Cusicancha",",090611,Huancavelica Huaytara San Francisco de Sangayaico",",090613,Huancavelica Huaytara Santiago de Chocorvos",",090614,Huancavelica Huaytara Santiago de Quirahuara",",090615,Huancavelica Huaytara Santo Domingo de Capillas",",090701,Huancavelica Tayacaja Pampas",",090702,Huancavelica Tayacaja Acostambo",",090703,Huancavelica Tayacaja Acraquia",",090704,Huancavelica Tayacaja Ahuaycha",",090705,Huancavelica Tayacaja Colcabamba",",090706,Huancavelica Tayacaja Daniel Hernandez",",090707,Huancavelica Tayacaja Huachocolpa",",090709,Huancavelica Tayacaja Huaribamba",",090710,Huancavelica Tayacaja Ñahuimpuquio",",090711,Huancavelica Tayacaja Pazos",",090713,Huancavelica Tayacaja Quishuar",",090714,Huancavelica Tayacaja Salcabamba",",090715,Huancavelica Tayacaja Salcahuasi",",090716,Huancavelica Tayacaja San Marcos de Rocchac",",090717,Huancavelica Tayacaja Surcubamba",",090718,Huancavelica Tayacaja Tintay Puncu",",100101,Huánuco Huánuco Huánuco",",100102,Huánuco Huánuco Amarilis",",100103,Huánuco Huánuco Chinchao",",100104,Huánuco Huánuco Churubamba",",100105,Huánuco Huánuco Margos",",100106,Huánuco Huánuco Quisqui",",100107,Huánuco Huánuco San Francisco de Cayrán ",",100108,Huánuco Huánuco San Pedro de Chaulán ",",100109,Huánuco Huánuco Santa María del Valle ",",100110,Huánuco Huánuco Yarumayo",",100111,Huánuco Huánuco Pillco Marca",",100201,Huánuco Ambo Ambo",",100202,Huánuco Ambo Cayna",",100203,Huánuco Ambo Colpas",",100204,Huánuco Ambo Conchamarca",",100205,Huánuco Ambo Huacar",",100206,Huánuco Ambo San Francisco",",100207,Huánuco Ambo San Rafael",",100208,Huánuco Ambo Tomay Kichwa",",100301,Huánuco Dos de Mayo La Unión ",",100307,Huánuco Dos de Mayo Chuquis",",100311,Huánuco Dos de Mayo Marías ",",100313,Huánuco Dos de Mayo Pachas",",100316,Huánuco Dos de Mayo Quivilla",",100317,Huánuco Dos de Mayo Ripán",",100321,Huánuco Dos de Mayo Shunqui",",100322,Huánuco Dos de Mayo Sillapata",",100323,Huánuco Dos de Mayo Yanas",",100401,Huánuco Huacaybamba Huacaybamba",",100402,Huánuco Huacaybamba Canchabamba",",100403,Huánuco Huacaybamba Cochabamba",",100404,Huánuco Huacaybamba Pinra",",100501,Huánuco Huamalies Llata",",100502,Huánuco Huamalies Arancay",",100503,Huánuco Huamalíes Chavín de Pariarca ",",100504,Huánuco Huamalíes Jacas Grande",",100505,Huánuco Huamalíes Jircán ",",100506,Huánuco Huamalíes Miraflores",",100507,Huánuco Huamalíes Monzon",",100508,Huánuco Huamalíes Punchao",",100509,Huánuco Huamalíes Puños",",100510,Huánuco Huamalíes Singa",",100511,Huánuco Huamalíes Tantamayo",",100601,Huánuco Leoncio Prado Rupa-Rupa",",100602,Huánuco Leoncio Prado Daniel Alomías Robles",",100603,Huánuco Leoncio Prado Hermilio Valdizán",",100604,Huánuco Leoncio Prado José Crespo y Castillo",",100605,Huánuco Leoncio Prado Luyando",",100606,Huánuco Leoncio Prado Mariano Dámaso Beraún",",100701,Huánuco Marañón Huacrachuco",",100702,Huánuco Marañón Cholón ",",100703,Huánuco Marañón San Buenaventura",",100801,Huánuco Pachitea Panao",",100802,Huánuco Pachitea Chaglla",",100803,Huánuco Pachitea Molino",",100804,Huánuco Pachitea Umari",",100901,Huánuco Puerto Inca Puerto Inca",",100902,Huánuco Puerto Inca Codo del Pozuzo",",100903,Huánuco Puerto Inca Honoria",",100904,Huánuco Puerto Inca Tournavista",",100905,Huánuco Puerto Inca Yuyapichis",",101001,Huánuco Lauricocha Jesús",",101002,Huánuco Lauricocha Baños",",101003,Huánuco Lauricocha Jivia",",101005,Huánuco Lauricocha Rondos",",101006,Huánuco Lauricocha San Francisco de Asis",",101007,Huánuco Lauricocha San Miguel de Cauri",",101101,Huánuco Yarowilca Chavinillo",",101102,Huánuco Yarowilca Cahuac",",101104,Huánuco Yarowilca Aparicio Pomares",",101105,Huánuco Yarowilca Jacas Chico",",101106,Huánuco Yarowilca Obas",",101107,Huánuco Yarowilca Pampamarca",",110101,Ica Ica Ica",",110102,Ica Ica La Tinguiña",",110103,Ica Ica Los Aquijes",",110104,Ica Ica Ocucaje",",110105,Ica Ica Pachacútec",",110106,Ica Ica Parcona",",110107,Ica Ica Pueblo Nuevo",",110108,Ica Ica Salas",",110109,Ica Ica San José de Los Molinos",",110110,Ica Ica San Juan Bautista",",110111,Ica Ica Santiago",",110112,Ica Ica Subtanjalla",",110113,Ica Ica Tate",",110114,Ica Ica Yauca del Rosario",",110201,Ica Chincha Chincha Alta",",110202,Ica Chincha Alto larán",",110204,Ica Chincha Chincha Baja",",110205,Ica Chincha El Carmen",",110206,Ica Chincha Grocio Prado",",110207,Ica Chincha Pueblo Nuevo",",110208,Ica Chincha San Juan de Yanac",",110209,Ica Chincha San Pedro de Huacarpana",",110210,Ica Chincha Sunampe",",110211,Ica Chincha Tambo de Mora",",110301,Ica Nazca Nazca",",110302,Ica Nazca Changuillo",",110303,Ica Nazca El Ingenio",",110304,Ica Nazca Marcona",",110305,Ica Nazca Vista Alegre",",110401,Ica Palpa Palpa",",110402,Ica Palpa Llipata",",110403,Ica Palpa Río Grande ",",110404,Ica Palpa Santa Cruz",",110501,Ica Pisco Pisco",",110503,Ica Pisco Humay",",110504,Ica Pisco Independencia",",110505,Ica Pisco Paracas",",110506,Ica Pisco San Andrés",",110507,Ica Pisco San Clemente",",110508,Ica Pisco Túpac Amaru Inca",",120101,Junín Huancayo Huancayo",",120105,Junín Huancayo Chacapampa",",120106,Junín Huancayo Chicche",",120107,Junín Huancayo Chilca",",120108,Junín Huancayo Chongos Alto",",120111,Junín Huancayo Chupuro",",120112,Junín Huancayo Colca",",120113,Junín Huancayo Cullhuas",",120114,Junín Huancayo El Tambo",",120116,Junín Huancayo Huacrapuquio",",120117,Junín Huancayo Hualhuas",",120119,Junín Huancayo Huancan",",120120,Junín Huancayo Huasicancha",",120121,Junín Huancayo Huayucachi",",120122,Junín Huancayo Ingenio",",120124,Junín Huancayo Pariahuanca",",120125,Junín Huancayo Pilcomayo",",120126,Junín Huancayo Pucará ",",120127,Junín Huancayo Quichuay",",120128,Junín Huancayo Quilcas",",120129,Junín Huancayo San Agustín",",120130,Junín Huancayo San Jerónimo de Tunán ",",120132,Junín Huancayo Saño",",120133,Junín Huancayo Sapallanga",",120134,Junín Huancayo Sicaya",",120135,Junín Huancayo Santo Domingo de Acobamba",",120136,Junín Huancayo Viques",",120201,Junín Concepción Concepción",",120202,Junín Concepción Aco",",120203,Junín Concepción Andamarca",",120204,Junín Concepción Chambara",",120205,Junín Concepción Cochas",",120206,Junín Concepción Comas",",120207,Junín Concepción Heroínas Toledo",",120208,Junín Concepción Manzanares",",120209,Junín Concepción Mariscal Castilla",",120210,Junín Concepción Matahuasi",",120211,Junín Concepción Mito",",120212,Junín Concepción Nueve de Julio",",120213,Junín Concepción Orcotuna",",120214,Junín Concepción San José de Quero ",",120215,Junín Concepción Santa Rosa de Ocopa",",120301,Junín Chanchamayo Chanchamayo",",120302,Junín Chanchamayo Perené",",120303,Junín Chanchamayo Pichanaqui",",120304,Junín Chanchamayo San Luis de Shuaro",",120305,Junín Chanchamayo San Ramón ",",120306,Junín Chanchamayo Vítoc",",120401,Junín Jauja Jauja",",120402,Junín Jauja Acolla",",120403,Junín Jauja Apata",",120404,Junín Jauja Ataura",",120405,Junín Jauja Canchayllo",",120406,Junín Jauja Curicaca",",120407,Junín Jauja El mantaro",",120408,Junín Jauja Huamalí",",120409,Junín Jauja Huaripampa",",120410,Junín Jauja Huertas",",120411,Junín Jauja Janjaillo",",120412,Junín Jauja Julcán ",",120413,Junín Jauja Leonor Ordóñez",",120415,Junín Jauja Marco",",120416,Junín Jauja Masma",",120417,Junín Jauja Masma Chicche",",120418,Junín Jauja Molinos",",120419,Junín Jauja Monobamba",",120420,Junín Jauja Muqui",",120421,Junín Jauja Muquiyauyo",",120422,Junín Jauja Paca",",120423,Junín Jauja Paccha",",120424,Junín Jauja Pancán",",120426,Junín Jauja Pomacancha",",120427,Junín Jauja Ricrán",",120428,Junín Jauja San Lorenzo",",120430,Junín Jauja Sausa",",120431,Junín Jauja Sincos",",120432,Junín Jauja Tunán marca",",120433,Junín Jauja Yauli",",120434,Junín Jauja Yauyos",",120501,Junín Junín Junín",",120502,Junín Junín Carhuamayo",",120503,Junín Junín Ondores",",120504,Junín Junín Ulcumayo",",120601,Junín Satipo Satipo",",120602,Junín Satipo Coviriali",",120603,Junín Satipo Llaylla",",120604,Junín Satipo Mazamari",",120605,Junín Satipo Pampa Hermosa",",120606,Junín Satipo Pangoa",",120607,Junín Satipo Río Negro ",",120608,Junín Satipo Río Tambo ",",120701,Junín Tarma Tarma",",120702,Junín Tarma Acobamba",",120703,Junín Tarma Huaricolca",",120704,Junín Tarma Huasahuasi",",120705,Junín Tarma La Unión ",",120706,Junín Tarma Palca",",120707,Junín Tarma Palcamayo",",120708,Junín Tarma San Pedro de Cajas",",120709,Junín Tarma Tapo",",120801,Junín Yauli La Oroya",",120803,Junín Yauli Huay-huay",",120805,Junín Yauli Morococha",",120806,Junín Yauli Paccha",",120807,Junín Yauli Santa Bárbara de Carhuacayán ",",120808,Junín Yauli Santa Rosa de Sacco",",120809,Junín Yauli Suitucancha",",120810,Junín Yauli Yauli",",120901,Junín Chupaca Chupaca",",120902,Junín Chupaca Áhuac",",120903,Junín Chupaca Chongos Bajo",",120904,Junín Chupaca Huáchac",",120905,Junín Chupaca Huamancaca Chico",",120906,Junín Chupaca San Juan de Iscos",",120907,Junín Chupaca San Juan de Jarpa",",120908,Junín Chupaca Tres de Diciembre",",120909,Junín Chupaca Yanacancha",",130101,La Libertad Trujillo Trujillo",",130102,La Libertad Trujillo El Porvenir",",130103,La Libertad Trujillo Florencia de Mora",",130104,La Libertad Trujillo Huanchaco",",130105,La Libertad Trujillo La Esperanza",",130106,La Libertad Trujillo Laredo",",130107,La Libertad Trujillo Moche",",130108,La Libertad Trujillo Poroto",",130109,La Libertad Trujillo Salaverry",",130110,La Libertad Trujillo Simbal",",130111,La Libertad Trujillo Víctor Larco Herrera",",130202,La Libertad Ascope Chicama",",130203,La Libertad Ascope Chocope",",130204,La Libertad Ascope Magdalena de Cao",",130205,La Libertad Ascope Paiján ",",130207,La Libertad Ascope Santiago de Cao",",130208,La Libertad Ascope Casa Grande",",130301,La Libertad Bolivar Bolívar",",130302,La Libertad Bolivar Bambamarca",",130303,La Libertad Bolivar Condormarca",",130304,La Libertad Bolivar Longotea",",130305,La Libertad Bolivar Uchumarca",",130401,La Libertad Chepén Chepén",",130402,La Libertad Chepén Pacanga",",130403,La Libertad Chepén Pueblo Nuevo",",130501,La Libertad Julcan Julcán ",",130504,La Libertad Julcan Huaso",",130601,La Libertad Otuzco Otuzco",",130610,La Libertad Otuzco Paranday",",130613,La Libertad Otuzco Sinsicap",",130614,La Libertad Otuzco Usquil",",130701,La Libertad Pacasmayo San Pedro de lloc",",130702,La Libertad Pacasmayo Guadalupe",",130703,La Libertad Pacasmayo Jequetepeque",",130704,La Libertad Pacasmayo Pacasmayo",",130705,La Libertad Pacasmayo San José ",",130801,La Libertad Pataz Tayabamba",",130804,La Libertad Pataz Huancaspata",",130806,La Libertad Pataz Huayo",",130808,La Libertad Pataz Parcoy",",130809,La Libertad Pataz Pataz",",130812,La Libertad Pataz Taurija",",130901,La Libertad Sánchez Carrión Huamachuco",",130902,La Libertad Sánchez Carrión Chugay",",130904,La Libertad Sánchez Carrión Curgos",",130905,La Libertad Sánchez Carrión Marcabal",",130906,La Libertad Sánchez Carrión Sanagorán ",",130907,La Libertad Sánchez Carrión Sarín",",130908,La Libertad Sánchez Carrión Sartimbamba",",131006,La Libertad Saantiago de Chuco Quiruvilca",",131008,La Libertad Saantiago de Chuco Sitabamba",",131101,La Libertad Gran Chimú Cascas",",131102,La Libertad Gran Chimú Lucma",",131103,La Libertad Gran Chimú Marmot",",131104,La Libertad Gran Chimú Sayapullo",",131201,La Libertad Virú Virú",",131202,La Libertad Virú Chao",",131203,La Libertad Virú Guadalupito",",140101,Lambayeque Chiclayo Chiclayo",",140102,Lambayeque Chiclayo Chongoyape",",140103,Lambayeque Chiclayo Etén",",140104,Lambayeque Chiclayo Etén Puerto",",140105,Lambayeque Chiclayo José Leonardo Ortiz ",",140106,Lambayeque Chiclayo La Victoria",",140107,Lambayeque Chiclayo Lagunas",",140108,Lambayeque Chiclayo Monsefú ",",140109,Lambayeque Chiclayo Nueva Arica",",140110,Lambayeque Chiclayo Oyotún",",140111,Lambayeque Chiclayo Picsi",",140112,Lambayeque Chiclayo Pimentel",",140113,Lambayeque Chiclayo Reque",",140114,Lambayeque Chiclayo Santa Rosa",",140115,Lambayeque Chiclayo Saña",",140116,Lambayeque Chiclayo Cayaltí ",",140117,Lambayeque Chiclayo Patapo",",140118,Lambayeque Chiclayo Pomalca",",140119,Lambayeque Chiclayo Pucalá ",",140120,Lambayeque Chiclayo Tumán ",",140199,Lambayeque Chiclayo …",",140201,Lambayeque Ferreñafe Ferreñafe",",140202,Lambayeque Ferreñafe Cañaris",",140203,Lambayeque Ferreñafe Incahuasi",",140204,Lambayeque Ferreñafe Manuel Antonio Mesones Muro",",140205,Lambayeque Ferreñafe Pitipo",",140206,Lambayeque Ferreñafe Pueblo Nuevo",",140301,Lambayeque Lambayeque Lambayeque",",140302,Lambayeque Lambayeque Chochope",",140303,Lambayeque Lambayeque Íllimo ",",140304,Lambayeque Lambayeque Jayanca",",140305,Lambayeque Lambayeque Mochumi",",140306,Lambayeque Lambayeque Mórrope",",140307,Lambayeque Lambayeque Motupe",",140308,Lambayeque Lambayeque Olmos",",140309,Lambayeque Lambayeque Pacora",",140310,Lambayeque Lambayeque Salas",",140311,Lambayeque Lambayeque San José ",",140312,Lambayeque Lambayeque Túcume ",",149999,Lambayeque … …",",150101,Lima Lima Lima",",150102,Lima Lima Ancón",",150103,Lima Lima Ate",",150104,Lima Lima Barranco",",150105,Lima Lima Breña",",150106,Lima Lima Carabayllo",",150107,Lima Lima Chaclacayo",",150108,Lima Lima Chorrillos",",150109,Lima Lima Cieneguilla",",150110,Lima Lima Comas",",150111,Lima Lima El Agustino",",150112,Lima Lima Independencia",",150113,Lima Lima Jesús María ",",150114,Lima Lima La Molina",",150115,Lima Lima La Victoria",",150116,Lima Lima Lince",",150117,Lima Lima Los Olivos",",150118,Lima Lima Lurigancho",",150119,Lima Lima Lurín ",",150120,Lima Lima Magdalena del Mar",",150121,Lima Lima Magdalena Vieja",",150122,Lima Lima Miraflores",",150123,Lima Lima Pachacamac",",150124,Lima Lima Pucusana",",150125,Lima Lima Puente Piedra",",150126,Lima Lima Punta Hermosa",",150127,Lima Lima Punta Negra",",150128,Lima Lima Rímac",",150129,Lima Lima San Bartolo",",150130,Lima Lima San Borja",",150131,Lima Lima San Isidro",",150132,Lima Lima San Juan de Lurigancho",",150133,Lima Lima San Juan de Miraflores",",150134,Lima Lima San Luis",",150135,Lima Lima San Martín de Porres ",",150136,Lima Lima San Miguel",",150137,Lima Lima Santa Anita",",150139,Lima Lima Santa Rosa",",150140,Lima Lima Santiago de Surco",",150141,Lima Lima Surquillo",",150142,Lima Lima Villa El Salvador",",150143,Lima Lima Villa Maria del Triunfo",",150201,Lima Barranca Barranca",",150202,Lima Barranca Paramonga",",150203,Lima Barranca Pativilca",",150204,Lima Barranca Supe",",150205,Lima Barranca Supe Puerto",",150302,Lima Cajatambo Copa",",150303,Lima Cajatambo Gorgor",",150305,Lima Cajatambo Manas",",150401,Lima Canta Canta",",150407,Lima Canta Santa Rosa de Quives",",150501,Lima Cañete San Vicente de Cañete",",150502,Lima Cañete Asia",",150504,Lima Cañete Cerro Azul",",150505,Lima Cañete Chilca",",150506,Lima Cañete Coayllo",",150507,Lima Cañete Imperial",",150508,Lima Cañete Lunahuana",",150509,Lima Cañete Mala",",150510,Lima Cañete Nuevo Imperial",",150511,Lima Cañete Pacarán",",150512,Lima Cañete Quilmana",",150513,Lima Cañete San Antonio",",150514,Lima Cañete San Luis",",150515,Lima Cañete Santa Cruz de Flores",",150516,Lima Cañete Zuñiga",",150601,Lima Huaral Huaral",",150602,Lima Huaral Atavillos Alto",",150604,Lima Huaral Aucallama",",150605,Lima Huaral Chancay",",150606,Lima Huaral Ihuari",",150608,Lima Huaral Pacaraos",",150701,Lima Huarochirí Matucana",",150702,Lima Huarochirí Antioquía",",150703,Lima Huarochirí Callahuanca",",150705,Lima Huarochirí Chicla",",150708,Lima Huarochirí Huanza",",150709,Lima Huarochirí Huarochiri",",150711,Lima Huarochirí Langa",",150714,Lima Huarochirí Ricardo Palma",",150716,Lima Huarochirí San Antonio",",150717,Lima Huarochirí San Bartolome",",150718,Lima Huarochirí San Damian",",150722,Lima Huarochirí San Mateo",",150723,Lima Huarochirí San Mateo de Otao",",150725,Lima Huarochirí San Pedro de Huancayre",",150727,Lima Huarochirí Santa Cruz de Cocachacra",",150728,Lima Huarochirí Santa Eulalia",",150731,Lima Huarochirí Santo Domingo de Los Olleros",",150732,Lima Huarochirí Surco",",150801,Lima Huaura Huacho",",150802,Lima Huaura Ámbar",",150803,Lima Huaura Caleta De Carquín",",150805,Lima Huaura Hualmay",",150806,Lima Huaura Huaura",",150807,Lima Huaura Leoncio Prado",",150810,Lima Huaura Santa Maria",",150811,Lima Huaura Sayán ",",150812,Lima Huaura Vegueta",",150901,Lima Oyón Oyón",",150902,Lima Oyón Andajes",",150903,Lima Oyón Caujul",",150904,Lima Oyón Cochamarca",",150905,Lima Oyón Naván",",151001,Lima Yauyos Yauyos",",151004,Lima Yauyos Ayaviri",",151008,Lima Yauyos Catahuasi",",151014,Lima Yauyos Huancaya",",151018,Lima Yauyos Laraos",",151024,Lima Yauyos Quinches",",151025,Lima Yauyos Quinocay",",151032,Lima Yauyos Víñac",",160101,Loreto Maynas Iquitos",",160102,Loreto Maynas Alto Nanay",",160103,Loreto Maynas Fernando Lores",",160104,Loreto Maynas Indiana",",160105,Loreto Maynas Las Amazonas",",160106,Loreto Maynas Mazán",",160107,Loreto Maynas Napo",",160108,Loreto Maynas Punchana",",160110,Loreto Maynas Torres Causana",",160112,Loreto Maynas Belén",",160113,Loreto Maynas San Juan Bautista",",160201,Loreto Alto Amazonas Yurimaguas",",160202,Loreto Alto Amazonas Balsapuerto",",160206,Loreto Alto Amazonas Lagunas",",160211,Loreto Alto Amazonas Teniente César Lopez Rojas",",160301,Loreto Loreto Nauta",",160302,Loreto Loreto Parinari",",160303,Loreto Loreto Tigre",",160304,Loreto Loreto Trompeteros",",160305,Loreto Loreto Urarinas",",160401,Loreto Mariscal Ramón Castilla Ramón Castilla ",",160402,Loreto Mariscal Ramón Castilla Pebas",",160403,Loreto Mariscal Ramón Castilla Yavarí ",",160404,Loreto Mariscal Ramón Castilla San Pablo",",160501,Loreto Requena Requena",",160502,Loreto Requena Alto Tapiche",",160503,Loreto Requena Capelo",",160504,Loreto Requena Emilio San Martin",",160505,Loreto Requena Maquia",",160506,Loreto Requena Puinahua",",160507,Loreto Requena Saquena",",160510,Loreto Requena Jenaro Herrera",",160601,Loreto Ucayali Contamana",",160603,Loreto Ucayali Padre Márquez",",160604,Loreto Ucayali Pampa Hermosa",",160605,Loreto Ucayali Sarayacu",",160606,Loreto Ucayali Vargas Guerra",",160701,Loreto Datem del Marañón Barranca",",170101,Madre de Dios Tambopata Tambopata",",170102,Madre de Dios Manú Inambari",",170103,Madre de Dios Tahuamanú Las Piedras",",170104,Madre de Dios Tambopata Laberinto",",170201,Madre de Dios Manú Manú",",170203,Madre de Dios Manú Madre de Dios",",170204,Madre de Dios Manú Huepetuhe",",170301,Madre de Dios Tahuamanú  Iñapari",",170302,Madre de Dios Tahuamanú  Iberia",",170303,Madre de Dios Tahuamanú  Tahuamanú ",",180101,Moquegua Mariscal Nieto Moquegua",",180102,Moquegua Mariscal Nieto Carumas",",180103,Moquegua Mariscal Nieto Cuchumbaya",",180104,Moquegua Mariscal Nieto Samegua",",180105,Moquegua Mariscal Nieto San Cristóbal",",180106,Moquegua Mariscal Nieto Torata",",180201,Moquegua General Sánchez Cerro Omate",",180202,Moquegua General Sánchez Cerro Chojata",",180203,Moquegua General Sánchez Cerro Coalaque",",180204,Moquegua General Sánchez Cerro Ichuña",",180208,Moquegua General Sánchez Cerro Puquina",",180210,Moquegua General Sánchez Cerro Ubinas",",180301,Moquegua Ilo Ilo",",180302,Moquegua Ilo El Algarrobal",",180303,Moquegua Ilo Pacocha",",190101,Pasco Pasco Chaupimarca",",190102,Pasco Pasco Huachón",",190103,Pasco Pasco Huariaca",",190104,Pasco Pasco Huayllay",",190105,Pasco Pasco Ninacaca",",190106,Pasco Pasco Pallanchacra",",190107,Pasco Pasco Paucartambo",",190108,Pasco Pasco San Francisco de Asís de Yarusyacan",",190109,Pasco Pasco Simón Bolívar",",190110,Pasco Pasco Ticlacayán",",190111,Pasco Pasco Tinyahuarco",",190112,Pasco Pasco Vicco",",190113,Pasco Pasco Yanacancha",",190199,Pasco Pasco …",",190201,Pasco Daniel Alcides Carrión Yanahuanca",",190202,Pasco Daniel Alcides Carrión Chacayán ",",190204,Pasco Daniel Alcides Carrión Páucar",",190206,Pasco Daniel Alcides Carrión Santa Ana de Tusi",",190207,Pasco Daniel Alcides Carrión Tápuc",",190208,Pasco Daniel Alcides Carrión Vilcabamba",",190301,Pasco Oxapampa Oxapampa",",190303,Pasco Oxapampa Huancabamba",",190304,Pasco Oxapampa Palcazu",",190305,Pasco Oxapampa Pozuzo",",190306,Pasco Oxapampa Puerto Bermudez",",190307,Pasco Oxapampa Villa Rica",",200101,Piura Piura Piura",",200104,Piura Piura Castilla",",200105,Piura Piura Catacaos",",200107,Piura Piura Cura Mori",",200108,Piura Piura El Tallán",",200109,Piura Piura La Arena",",200110,Piura Piura La Unión",",200111,Piura Piura Las Lomas",",200114,Piura Piura Tambo Grande",",200201,Piura Ayabaca Ayabaca",",200202,Piura Ayabaca Frias",",200203,Piura Ayabaca Jililí ",",200204,Piura Ayabaca Lagunas",",200205,Piura Ayabaca Montero",",200206,Piura Ayabaca Pacaipampa",",200207,Piura Ayabaca Paimas",",200208,Piura Ayabaca Sapillica",",200209,Piura Ayabaca Sicchez",",200210,Piura Ayabaca Suyo",",200301,Piura Huancabamba Huancabamba",",200302,Piura Huancabamba Canchaque",",200303,Piura Huancabamba El Carmen de la Frontera",",200304,Piura Huancabamba Huarmaca",",200305,Piura Huancabamba Lalaquiz",",200306,Piura Huancabamba San Miguel de el Faique",",200307,Piura Huancabamba Sondor",",200308,Piura Huancabamba Sondorillo",",200401,Piura Morropón Chulucanas",",200402,Piura Morropón Buenos Aires",",200403,Piura Morropón Chalaco",",200404,Piura Morropón La Matanza",",200405,Piura Morropón Morropón",",200406,Piura Morropón Salitral",",200407,Piura Morropón San Juan de Bigote",",200408,Piura Morropón Santa Catalina de Mossa",",200409,Piura Morropón Santo Domingo",",200410,Piura Morropón Yamango",",200501,Piura Paita Paita",",200503,Piura Paita Arenal",",200504,Piura Paita Colán ",",200505,Piura Paita La Huaca",",200506,Piura Paita Tamarindo",",200507,Piura Paita Vichayal",",200601,Piura Sullana Sullana",",200602,Piura Sullana Bellavista",",200603,Piura Sullana Ignacio Escudero",",200604,Piura Sullana Lancones",",200605,Piura Sullana Marcavelica",",200606,Piura Sullana Miguel Checa",",200607,Piura Sullana Querecotillo",",200608,Piura Sullana Salitral",",200701,Piura Talara Pariñas",",200702,Piura Talara El Alto",",200703,Piura Talara La Brea",",200704,Piura Talara Lobitos",",200705,Piura Talara Los Órganos",",200706,Piura Talara Máncora ",",200801,Piura Sechura Sechura",",200802,Piura Sechura Bellavista de la Unión ",",200803,Piura Sechura Bernal",",200804,Piura Sechura Cristo nos valga",",200805,Piura Sechura Vice",",200806,Piura Sechura Rinconada llicuar",",210101,Puno Puno Puno",",210102,Puno Puno Acora",",210103,Puno Puno Amantani",",210104,Puno Puno Atuncolla",",210105,Puno Puno Capachica",",210106,Puno Puno Chucuito",",210107,Puno Puno Coata",",210108,Puno Puno Huata",",210109,Puno Puno Mañazo",",210110,Puno Puno Paucarcolla",",210111,Puno Puno Pichacani",",210112,Puno Puno Platería",",210113,Puno Puno San Antonio",",210114,Puno Puno Tiquillaca",",210115,Puno Puno Vilque",",210201,Puno Azángaro Azángaro",",210202,Puno Azángaro Achaya",",210203,Puno Azángaro Arapa",",210204,Puno Azángaro Asillo",",210205,Puno Azángaro Caminaca",",210206,Puno Azángaro Chupa",",210207,Puno Azángaro José Domingo Choquehuanca ",",210208,Puno Azángaro Muñani",",210209,Puno Azángaro Potoni",",210210,Puno Azángaro Samán",",210211,Puno Azángaro San Antón",",210212,Puno Azángaro San José ",",210213,Puno Azángaro San Juan de Salinas",",210214,Puno Azángaro Santiago de Pupuja",",210215,Puno Azángaro Tirapata",",210301,Puno Carabaya Macusani",",210302,Puno Carabaya Ajoyani",",210303,Puno Carabaya Ayapata",",210304,Puno Carabaya Coasa",",210305,Puno Carabaya Corani",",210306,Puno Carabaya Crucero",",210307,Puno Carabaya Ituata",",210308,Puno Carabaya Ollachea",",210309,Puno Carabaya San gaban",",210310,Puno Carabaya Usicayos",",210401,Puno Chucuito Juli",",210402,Puno Chucuito Desaguadero",",210403,Puno Chucuito Huacullani",",210404,Puno Chucuito Kelluyo",",210405,Puno Chucuito Pisacoma",",210406,Puno Chucuito Pomata",",210407,Puno Chucuito Zepita",",210501,Puno El Collao Ilave",",210503,Puno El Collao Pilcuyo",",210504,Puno El Collao Santa Rosa",",210505,Puno El Collao Conduriri",",210601,Puno Huancané Huancané",",210602,Puno Huancané Cojata",",210603,Puno Huancané Huatasani",",210604,Puno Huancané Inchupalla",",210605,Puno Huancané Pusi",",210606,Puno Huancané Rosaspata",",210607,Puno Huancané Taraco",",210608,Puno Huancané Vilque Chico",",210701,Puno Lampa Lampa",",210702,Puno Lampa Cabanilla",",210703,Puno Lampa Calapuja",",210704,Puno Lampa Nicasio",",210705,Puno Lampa Ocuviri",",210706,Puno Lampa Palca",",210707,Puno Lampa Paratia",",210708,Puno Lampa Pucara",",210709,Puno Lampa Santa Lucia",",210801,Puno Melgar Ayavirí ",",210802,Puno Melgar Antauta",",210803,Puno Melgar Cupi",",210804,Puno Melgar Llalli",",210805,Puno Melgar Macari",",210806,Puno Melgar Nuñoa",",210807,Puno Melgar Orurillo",",210808,Puno Melgar Santa Rosa",",210809,Puno Melgar Umachiri",",210901,Puno Moho Moho",",210902,Puno Moho Conima",",210903,Puno Moho Huayrapata",",210904,Puno Moho Tilali",",211001,Puno San Antonio de Putina Putina",",211002,Puno San Antonio de Putina Ananea",",211003,Puno San Antonio de Putina Pedro Vilca Apaza",",211004,Puno San Antonio de Putina Quilcapuncu",",211005,Puno San Antonio de Putina Sina",",211101,Puno San Roman Juliaca",",211102,Puno San Roman Cabana",",211103,Puno San Roman Cabanillas",",211104,Puno San Roman Caracoto",",211201,Puno Sandia Sandia",",211202,Puno Sandia Cuyocuyo",",211203,Puno Sandia Limbani",",211204,Puno Sandia Patambuco",",211205,Puno Sandia Phara",",211206,Puno Sandia Quiaca",",211207,Puno Sandia San Juan del Oro",",211208,Puno Sandia Yanahuaya",",211209,Puno Sandia Alto Inambari",",211301,Puno Yunguyo Yunguyo",",211303,Puno Yunguyo Copani",",211304,Puno Yunguyo Cuturapi",",220101,San Martín Moyobamba Moyobamba",",220102,San Martín Moyobamba Calzada",",220103,San Martín Moyobamba Habana",",220104,San Martín Moyobamba Jepelacio",",220105,San Martín Moyobamba Soritor",",220106,San Martín Moyobamba Yantalo",",220201,San Martín Bellavista Bellavista",",220202,San Martín Bellavista Alto Biavo",",220203,San Martín Bellavista Bajo Biavo",",220204,San Martín Bellavista Huallaga",",220205,San Martín Bellavista San Pablo",",220206,San Martín Bellavista San Rafael",",220301,San Martín El Dorado San José de Sisa ",",220302,San Martín El Dorado Agua Blanca",",220303,San Martín El Dorado San Martin",",220304,San Martín El Dorado Santa Rosa",",220305,San Martín El Dorado Shatoja",",220401,San Martín Huallaga Saposoa",",220402,San Martín Huallaga Alto Saposoa",",220403,San Martín Huallaga El Eslabon",",220404,San Martín Huallaga Piscoyacu",",220405,San Martín Huallaga Sacanche",",220501,San Martín Lamas Lamas",",220502,San Martín Lamas Alonso de Alvarado",",220503,San Martín Lamas Barranquita",",220504,San Martín Lamas Caynarachi",",220505,San Martín Lamas Cuñumbuqui",",220506,San Martín Lamas Pinto Recodo",",220507,San Martín Lamas Rumisapa",",220508,San Martín Lamas San Roque de Cumbaza",",220510,San Martín Lamas Tabalosos",",220511,San Martín Lamas Zapatero",",220601,San Martín Mariscal Cáceres Juanjui",",220602,San Martín Mariscal Cáceres Campanilla",",220603,San Martín Mariscal Cáceres Huicungo",",220604,San Martín Mariscal Cáceres Pachiza",",220605,San Martín Mariscal Cáceres Pajarillo",",220701,San Martín Picota Picota",",220702,San Martín Picota Buenos Aires",",220703,San Martín Picota Caspisapa",",220705,San Martín Picota Pucacaca",",220707,San Martín Picota San Hilarion",",220708,San Martín Picota Shamboyacu",",220709,San Martín Picota Tingo de Ponasa",",220710,San Martín Picota Tres Unidos",",220801,San Martín Rioja Rioja",",220802,San Martín Rioja Awajún",",220803,San Martín Rioja Elías Soplín Vargas ",",220804,San Martín Rioja Nueva Cajamarca",",220805,San Martín Rioja Pardo Miguel",",220806,San Martín Rioja Posic",",220807,San Martín Rioja San Fernando",",220808,San Martín Rioja Yorongos",",220809,San Martín Rioja Yuracyacu",",220901,San Martín San Martin Tarapoto",",220903,San Martín San Martin Cacatachi",",220904,San Martín San Martin Chazuta",",220905,San Martín San Martin Chipurana",",220906,San Martín San Martin El Porvenir",",220907,San Martín San Martin Huimbayoc",",220908,San Martín San Martin Juan Guerra",",220909,San Martín San Martin La Banda de Shilcayo",",220910,San Martín San Martin Morales",",220911,San Martín San Martin Papaplaya",",220912,San Martín San Martin San Antonio",",220913,San Martín San Martin Sauce",",220914,San Martín San Martin Shapaja",",221001,San Martín Tocache Tocache",",221002,San Martín Tocache Nuevo Progreso",",221003,San Martín Tocache Polvora",",221005,San Martín Tocache Uchiza",",230101,Tacna Tacna Tacna",",230102,Tacna Tacna Alto de la Alianza",",230103,Tacna Tacna Calana",",230104,Tacna Tacna Ciudad Nueva",",230106,Tacna Tacna Pachía",",230107,Tacna Tacna Palca",",230108,Tacna Tacna Pocollay",",230109,Tacna Tacna Sama",",230110,Tacna Tacna Coronel Gregorio Albarracín Lanchipa",",230201,Tacna Cancarave Candarave",",230202,Tacna Cancarave Cairani",",230204,Tacna Cancarave Curibaya",",230206,Tacna Cancarave Quilahuani",",230301,Tacna Jorge Basadre Locumba",",230302,Tacna Jorge Basadre Ilabaya",",230303,Tacna Jorge Basadre Ite",",230401,Tacna Tarata Tarata",",230408,Tacna Tarata Ticaco",",240101,Tumbes Tumbes Tumbes",",240102,Tumbes Tumbes Corrales",",240103,Tumbes Tumbes La Cruz",",240104,Tumbes Tumbes Pampas de Hospital",",240105,Tumbes Tumbes San Jacinto",",240106,Tumbes Tumbes San Juan de la Virgen",",240199,Tumbes Tumbes …",",240201,Tumbes Contralmirante Villar Zorritos",",240202,Tumbes Contralmirante Villar Casitas",",240203,Tumbes Contralmirante Villar Canoas de Punta Sal",",240301,Tumbes Zarumilla Zarumilla",",240302,Tumbes Zarumilla Aguas Verdes",",240303,Tumbes Zarumilla Matapalo",",240304,Tumbes Zarumilla Papayal",",250101,Ucayali Coronel Portillo Callería ",",250102,Ucayali Coronel Portillo Campoverde",",250103,Ucayali Coronel Portillo Iparia",",250104,Ucayali Coronel Portillo Masisea",",250105,Ucayali Coronel Portillo Yarinacocha",",250106,Ucayali Coronel Portillo Nueva Requena",",250107,Ucayali Coronel Portillo Manantay",",250201,Ucayali Atalaya Raymondi",",250202,Ucayali Atalaya Sepahua",",250203,Ucayali Atalaya Tahuanía ",",250204,Ucayali Atalaya Yurúa ",",250301,Ucayali Padre Abad Padre Abad",",250302,Ucayali Padre Abad Irazola",",250303,Ucayali Padre Abad Curimana",",250401,Ucayali Purús Purús
